Date,Process,Product,Shift,Team,Target_Units,Actual_Units,Cycle_Time_Min,Waiting_Time_Min,Downtime_Min,Defects,Rework_Units,Quality_Units,Defect_Rate_%,Productivity_%,Lead_Time_Min,Availability_%
2026-03-14,Inspection,Product B,Morning,Team C,109,113,10.75,8.36,5.89,1,0,112,0.88,103.67,19.11,97.06
2026-03-08,Assembly,Product C,Morning,Team A,113,87,28.88,25.49,32.8,4,2,81,4.6,76.99,54.37,83.6
2026-02-20,Packaging,Product A,Morning,Team D,106,106,6.35,1.58,7.68,0,0,106,0.0,100.0,7.93,96.16
2026-03-21,Inspection,Product A,Evening,Team A,115,111,12.37,0.63,13.11,0,0,111,0.0,96.52,13.0,93.44
2026-01-12,Cutting,Product C,Evening,Team A,90,85,9.71,0.0,20.71,0,0,85,0.0,94.44,9.71,89.64
2026-03-24,Packaging,Product B,Morning,Team A,81,78,9.36,0.0,0.0,1,0,77,1.28,96.3,9.36,100.0
2026-03-18,Inspection,Product B,Morning,Team B,84,84,11.59,2.75,11.84,1,1,82,1.19,100.0,14.34,94.08
2026-02-15,Inspection,Product B,Night,Team C,120,106,14.52,14.04,21.16,0,0,106,0.0,88.33,28.56,89.42
2026-03-08,Cutting,Product A,Morning,Team B,106,108,10.48,0.24,4.58,1,1,106,0.93,101.89,10.72,97.71
2026-02-16,Assembly,Product B,Evening,Team A,90,87,20.74,12.7,25.59,1,0,86,1.15,96.67,33.44,87.2
2026-01-25,Assembly,Product A,Evening,Team A,115,90,24.6,12.42,18.67,4,2,84,4.44,78.26,37.02,90.66
2026-03-13,Packaging,Product A,Morning,Team D,92,83,9.52,2.24,15.46,2,4,77,2.41,90.22,11.76,92.27
2026-01-23,Inspection,Product B,Morning,Team D,104,91,12.81,13.29,7.91,0,0,91,0.0,87.5,26.1,96.04
2026-01-29,Packaging,Product B,Morning,Team D,90,92,8.05,6.65,19.19,0,0,92,0.0,102.22,14.7,90.4
2026-02-16,Assembly,Product C,Night,Team A,83,63,27.62,22.57,36.08,1,1,61,1.59,75.9,50.19,81.96
2026-03-17,Cutting,Product A,Morning,Team D,90,93,10.48,3.16,15.17,0,0,93,0.0,103.33,13.64,92.42
2026-02-04,Assembly,Product A,Morning,Team C,89,71,21.05,14.98,24.21,2,2,67,2.82,79.78,36.03,87.9
2026-02-14,Cutting,Product C,Morning,Team C,102,103,11.23,6.31,8.82,0,0,103,0.0,100.98,17.54,95.59
2026-01-04,Packaging,Product A,Morning,Team A,80,75,12.73,6.34,3.5,1,0,74,1.33,93.75,19.07,98.25
2026-01-11,Inspection,Product A,Evening,Team D,89,83,10.05,4.37,12.71,1,1,81,1.2,93.26,14.42,93.64
2026-01-06,Inspection,Product A,Morning,Team B,103,94,14.69,8.15,13.91,0,0,94,0.0,91.26,22.84,93.04
2026-01-07,Assembly,Product B,Evening,Team A,96,74,21.74,13.61,18.46,2,0,72,2.7,77.08,35.35,90.77
2026-03-20,Packaging,Product C,Evening,Team A,106,114,9.48,4.85,6.25,0,1,113,0.0,107.55,14.33,96.88
2026-03-17,Packaging,Product B,Evening,Team B,106,101,12.47,7.05,3.34,0,0,101,0.0,95.28,19.52,98.33
2026-03-15,Inspection,Product B,Morning,Team A,119,115,14.08,6.88,25.8,0,0,115,0.0,96.64,20.96,87.1
2026-01-06,Cutting,Product A,Night,Team B,114,102,14.13,16.33,11.78,0,1,101,0.0,89.47,30.46,94.11
2026-01-07,Assembly,Product A,Evening,Team B,89,68,21.42,17.85,39.25,2,0,66,2.94,76.4,39.27,80.38
2026-01-26,Cutting,Product B,Morning,Team D,108,103,11.07,5.87,7.83,1,2,100,0.97,95.37,16.94,96.08
2026-02-20,Cutting,Product A,Evening,Team A,105,108,10.45,4.86,10.56,1,0,107,0.93,102.86,15.31,94.72
2026-01-31,Inspection,Product A,Night,Team C,104,95,13.53,11.39,6.67,0,0,95,0.0,91.35,24.92,96.66
2026-02-13,Inspection,Product A,Morning,Team D,112,103,12.36,7.54,9.32,0,0,103,0.0,91.96,19.9,95.34
2026-01-16,Packaging,Product A,Night,Team D,86,84,10.48,9.51,14.98,0,0,84,0.0,97.67,19.99,92.51
2026-03-07,Assembly,Product B,Evening,Team D,95,80,22.61,21.23,31.76,0,0,80,0.0,84.21,43.84,84.12
2026-01-29,Assembly,Product B,Evening,Team A,113,97,22.52,23.65,28.11,3,3,91,3.09,85.84,46.17,85.94
2026-01-06,Assembly,Product A,Night,Team D,116,96,22.83,21.37,43.47,1,2,93,1.04,82.76,44.2,78.26
2026-03-08,Cutting,Product B,Morning,Team D,81,81,11.86,8.26,12.84,0,0,81,0.0,100.0,20.12,93.58
2026-03-23,Cutting,Product B,Evening,Team B,99,99,12.2,2.19,18.76,1,1,97,1.01,100.0,14.39,90.62
2026-01-02,Assembly,Product B,Morning,Team B,90,69,21.84,18.33,27.1,1,1,67,1.45,76.67,40.17,86.45
2026-02-09,Cutting,Product C,Evening,Team C,86,77,13.12,1.95,23.34,1,2,74,1.3,89.53,15.07,88.33
2026-03-16,Inspection,Product A,Evening,Team B,82,71,13.19,12.36,9.09,0,0,71,0.0,86.59,25.55,95.46
2026-03-05,Assembly,Product C,Morning,Team B,102,75,22.87,25.89,19.45,1,1,73,1.33,73.53,48.76,90.28
2026-03-19,Packaging,Product A,Morning,Team D,107,109,9.67,3.51,0.0,0,0,109,0.0,101.87,13.18,100.0
2026-02-07,Inspection,Product A,Morning,Team D,101,99,12.8,0.0,25.99,1,1,97,1.01,98.02,12.8,87.0
2026-02-03,Assembly,Product A,Morning,Team B,95,79,20.8,13.67,32.69,3,2,74,3.8,83.16,34.47,83.66
2026-03-05,Packaging,Product B,Morning,Team D,111,91,13.87,8.93,5.0,0,0,91,0.0,81.98,22.8,97.5
2026-01-14,Packaging,Product A,Morning,Team B,106,114,8.01,6.21,14.49,0,0,114,0.0,107.55,14.22,92.76
2026-01-22,Assembly,Product A,Morning,Team D,117,93,21.35,16.71,27.86,1,3,89,1.08,79.49,38.06,86.07
2026-02-24,Assembly,Product B,Morning,Team C,94,85,22.82,22.96,40.43,2,1,82,2.35,90.43,45.78,79.78
2026-03-02,Inspection,Product A,Evening,Team B,89,76,13.55,9.94,2.71,0,0,76,0.0,85.39,23.49,98.64
2026-01-11,Cutting,Product A,Evening,Team A,98,92,7.91,9.87,7.41,1,0,91,1.09,93.88,17.78,96.3
2026-02-15,Cutting,Product A,Evening,Team C,100,81,13.47,8.68,6.22,2,1,78,2.47,81.0,22.15,96.89
2026-02-02,Cutting,Product A,Morning,Team B,98,96,10.79,11.09,0.0,0,0,96,0.0,97.96,21.88,100.0
2026-02-15,Inspection,Product A,Night,Team A,114,101,12.14,15.17,25.54,1,2,98,0.99,88.6,27.31,87.23
2026-03-28,Inspection,Product A,Evening,Team A,81,68,15.62,11.62,10.38,1,3,64,1.47,83.95,27.24,94.81
2026-01-07,Inspection,Product A,Morning,Team D,101,88,14.38,6.77,16.44,0,0,88,0.0,87.13,21.15,91.78
2026-03-31,Inspection,Product B,Morning,Team A,97,97,10.22,5.59,26.16,2,2,93,2.06,100.0,15.81,86.92
2026-02-10,Assembly,Product C,Evening,Team D,88,69,30.44,22.52,21.63,0,0,69,0.0,78.41,52.96,89.18
2026-03-11,Assembly,Product B,Morning,Team D,106,93,25.53,16.59,25.05,1,2,90,1.08,87.74,42.12,87.48
2026-02-08,Cutting,Product B,Evening,Team A,112,104,10.98,8.22,9.71,1,0,103,0.96,92.86,19.2,95.14
2026-01-28,Cutting,Product C,Night,Team C,102,90,17.81,11.5,17.07,2,1,87,2.22,88.24,29.31,91.46
2026-03-11,Inspection,Product C,Morning,Team C,83,73,13.35,5.65,8.6,0,2,71,0.0,87.95,19.0,95.7
2026-03-03,Assembly,Product B,Morning,Team B,83,63,24.68,18.41,24.48,3,2,58,4.76,75.9,43.09,87.76
2026-01-13,Assembly,Product C,Night,Team C,97,69,25.37,30.22,33.36,3,1,65,4.35,71.13,55.59,83.32
2026-03-05,Inspection,Product C,Evening,Team B,107,101,14.28,10.22,14.27,1,1,99,0.99,94.39,24.5,92.86
2026-03-09,Inspection,Product B,Morning,Team B,92,92,14.05,1.15,0.0,1,1,90,1.09,100.0,15.2,100.0
2026-02-04,Assembly,Product B,Night,Team B,92,76,25.33,18.32,18.81,3,1,72,3.95,82.61,43.65,90.6
2026-03-25,Assembly,Product A,Night,Team D,115,86,23.6,26.8,44.16,1,0,85,1.16,74.78,50.4,77.92
2026-02-27,Assembly,Product A,Evening,Team C,80,70,23.05,15.5,25.1,2,0,68,2.86,87.5,38.55,87.45
2026-01-31,Cutting,Product B,Evening,Team B,83,81,10.85,0.0,4.43,1,1,79,1.23,97.59,10.85,97.78
2026-01-01,Assembly,Product B,Morning,Team D,86,70,20.13,24.22,22.5,0,0,70,0.0,81.4,44.35,88.75
2026-03-02,Cutting,Product A,Morning,Team D,120,114,7.76,7.73,9.08,1,1,112,0.88,95.0,15.49,95.46
2026-01-19,Assembly,Product B,Evening,Team D,100,72,24.96,20.32,30.06,5,2,65,6.94,72.0,45.28,84.97
2026-03-10,Packaging,Product B,Morning,Team C,86,93,4.0,2.51,0.0,0,1,92,0.0,108.14,6.51,100.0
2026-02-17,Cutting,Product C,Evening,Team B,92,89,11.45,9.33,3.95,1,1,87,1.12,96.74,20.78,98.02
2026-02-12,Cutting,Product A,Evening,Team D,119,117,9.95,2.83,10.64,0,1,116,0.0,98.32,12.78,94.68
2026-01-15,Assembly,Product A,Morning,Team B,108,75,26.91,26.0,28.84,6,4,65,8.0,69.44,52.91,85.58
2026-03-06,Assembly,Product B,Evening,Team B,89,82,25.82,20.01,29.93,1,0,81,1.22,92.13,45.83,85.04
2026-01-15,Inspection,Product C,Morning,Team B,89,89,14.45,8.98,4.62,1,2,86,1.12,100.0,23.43,97.69
2026-02-07,Assembly,Product C,Night,Team D,83,62,24.07,21.53,32.73,2,0,60,3.23,74.7,45.6,83.64
2026-03-17,Inspection,Product C,Morning,Team C,111,103,13.25,7.3,18.55,1,0,102,0.97,92.79,20.55,90.72
2026-03-24,Inspection,Product C,Evening,Team B,85,77,14.62,12.18,14.92,1,0,76,1.3,90.59,26.8,92.54
2026-03-31,Assembly,Product A,Evening,Team B,91,74,22.91,16.53,30.66,2,1,71,2.7,81.32,39.44,84.67
2026-03-28,Packaging,Product A,Morning,Team B,94,89,11.19,0.0,6.42,0,0,89,0.0,94.68,11.19,96.79
2026-02-20,Cutting,Product A,Evening,Team C,105,105,8.81,7.46,3.99,0,0,105,0.0,100.0,16.27,98.0
2026-01-19,Cutting,Product B,Evening,Team B,104,108,11.65,7.52,8.57,0,0,108,0.0,103.85,19.17,95.72
2026-03-17,Cutting,Product C,Evening,Team C,112,100,13.03,6.92,16.56,0,0,100,0.0,89.29,19.95,91.72
2026-03-14,Inspection,Product A,Evening,Team B,92,80,14.45,9.63,11.29,0,0,80,0.0,86.96,24.08,94.36
2026-03-31,Assembly,Product B,Night,Team B,95,68,29.68,20.29,25.45,1,0,67,1.47,71.58,49.97,87.28
2026-02-28,Cutting,Product A,Morning,Team D,95,91,9.32,8.15,6.05,1,1,89,1.1,95.79,17.47,96.98
2026-01-13,Assembly,Product A,Evening,Team B,81,79,20.07,16.11,26.67,1,0,78,1.27,97.53,36.18,86.66
2026-02-15,Cutting,Product A,Morning,Team A,110,113,8.81,3.05,6.76,1,0,112,0.88,102.73,11.86,96.62
2026-02-10,Inspection,Product A,Evening,Team B,101,100,14.45,6.75,14.91,0,0,100,0.0,99.01,21.2,92.54
2026-03-17,Assembly,Product C,Evening,Team C,99,75,26.4,23.84,28.43,1,0,74,1.33,75.76,50.24,85.78
2026-02-05,Assembly,Product A,Morning,Team A,120,99,22.27,11.12,29.83,1,0,98,1.01,82.5,33.39,85.08
2026-01-30,Assembly,Product C,Morning,Team B,87,62,22.02,20.95,33.15,3,0,59,4.84,71.26,42.97,83.42
2026-01-08,Inspection,Product B,Night,Team A,119,111,17.94,6.82,23.3,0,0,111,0.0,93.28,24.76,88.35
2026-03-17,Assembly,Product A,Morning,Team C,107,94,20.81,15.54,21.9,0,2,92,0.0,87.85,36.35,89.05
2026-03-09,Cutting,Product A,Evening,Team C,89,92,13.55,3.27,3.58,0,1,91,0.0,103.37,16.82,98.21
2026-01-04,Cutting,Product C,Morning,Team D,107,98,17.29,0.0,8.55,0,0,98,0.0,91.59,17.29,95.72
2026-02-09,Packaging,Product A,Night,Team B,110,105,11.68,10.3,7.81,0,0,105,0.0,95.45,21.98,96.1
2026-02-13,Packaging,Product C,Morning,Team D,94,93,10.28,2.48,0.17,0,0,93,0.0,98.94,12.76,99.92
2026-02-12,Inspection,Product A,Morning,Team A,94,97,11.92,0.0,9.35,0,1,96,0.0,103.19,11.92,95.32
2026-03-24,Assembly,Product B,Night,Team D,114,88,18.7,26.03,25.09,1,1,86,1.14,77.19,44.73,87.46
2026-01-14,Packaging,Product C,Night,Team C,86,86,11.38,12.18,5.15,0,0,86,0.0,100.0,23.56,97.42
2026-01-28,Inspection,Product A,Morning,Team D,80,77,10.6,13.96,10.11,0,0,77,0.0,96.25,24.56,94.94
2026-01-17,Inspection,Product A,Evening,Team D,107,98,9.82,9.44,19.07,1,1,96,1.02,91.59,19.26,90.46
2026-01-22,Assembly,Product C,Evening,Team C,117,76,30.39,17.33,28.65,1,1,74,1.32,64.96,47.72,85.68
2026-03-23,Assembly,Product A,Night,Team B,100,72,27.64,29.12,44.32,2,3,67,2.78,72.0,56.76,77.84
2026-03-26,Cutting,Product A,Morning,Team C,85,88,11.84,11.73,10.02,0,0,88,0.0,103.53,23.57,94.99
2026-01-05,Packaging,Product A,Evening,Team D,102,108,8.32,8.53,5.26,0,0,108,0.0,105.88,16.85,97.37
2026-02-26,Assembly,Product A,Evening,Team D,90,73,25.32,14.46,25.1,2,0,71,2.74,81.11,39.78,87.45
2026-01-21,Cutting,Product B,Evening,Team D,113,118,13.12,5.81,10.54,0,0,118,0.0,104.42,18.93,94.73
2026-01-18,Assembly,Product B,Evening,Team A,105,85,23.43,21.33,25.78,0,1,84,0.0,80.95,44.76,87.11
2026-01-27,Assembly,Product A,Evening,Team C,93,77,27.79,11.33,38.88,2,2,73,2.6,82.8,39.12,80.56
2026-01-18,Cutting,Product C,Morning,Team A,105,100,10.57,6.88,3.93,0,0,100,0.0,95.24,17.45,98.04
2026-02-14,Packaging,Product A,Night,Team C,107,99,9.41,20.06,18.56,1,1,97,1.01,92.52,29.47,90.72
2026-03-31,Inspection,Product A,Night,Team D,107,96,13.38,14.88,19.28,0,0,96,0.0,89.72,28.26,90.36
2026-02-22,Inspection,Product B,Evening,Team A,95,83,8.65,13.89,2.57,0,0,83,0.0,87.37,22.54,98.72
2026-03-07,Assembly,Product C,Morning,Team C,103,91,22.17,17.14,32.46,1,0,90,1.1,88.35,39.31,83.77
2026-02-14,Inspection,Product A,Morning,Team D,81,74,13.12,7.71,19.61,0,1,73,0.0,91.36,20.83,90.2
2026-01-02,Inspection,Product A,Evening,Team D,96,90,10.17,9.53,6.86,0,0,90,0.0,93.75,19.7,96.57
2026-01-08,Inspection,Product B,Morning,Team B,95,83,12.92,4.74,11.95,2,1,80,2.41,87.37,17.66,94.02
2026-01-25,Cutting,Product C,Night,Team A,101,95,12.41,7.48,2.64,1,0,94,1.05,94.06,19.89,98.68
2026-01-22,Assembly,Product A,Morning,Team D,118,102,18.73,20.79,17.28,7,4,91,6.86,86.44,39.52,91.36
2026-03-17,Cutting,Product A,Evening,Team D,119,127,8.99,10.49,15.29,0,0,127,0.0,106.72,19.48,92.36
2026-03-17,Assembly,Product B,Night,Team C,99,66,27.64,20.01,27.47,2,2,62,3.03,66.67,47.65,86.26
2026-03-18,Assembly,Product A,Morning,Team D,106,81,23.91,22.23,17.16,2,0,79,2.47,76.42,46.14,91.42
2026-02-27,Cutting,Product A,Morning,Team A,84,77,8.46,4.65,10.38,1,0,76,1.3,91.67,13.11,94.81
2026-02-20,Cutting,Product A,Evening,Team C,99,99,11.35,6.36,5.87,2,1,96,2.02,100.0,17.71,97.06
2026-02-28,Inspection,Product A,Evening,Team A,108,100,15.25,9.84,9.18,1,0,99,1.0,92.59,25.09,95.41
2026-02-06,Cutting,Product B,Morning,Team D,107,96,12.71,8.98,13.44,2,3,91,2.08,89.72,21.69,93.28
2026-03-02,Packaging,Product C,Evening,Team C,119,117,8.79,4.33,0.03,0,1,116,0.0,98.32,13.12,99.98
2026-03-13,Inspection,Product B,Night,Team D,99,87,15.25,19.33,12.86,0,0,87,0.0,87.88,34.58,93.57
2026-03-10,Assembly,Product B,Evening,Team C,117,105,21.8,16.67,29.47,1,1,103,0.95,89.74,38.47,85.26
2026-02-25,Inspection,Product C,Morning,Team A,120,115,14.03,10.5,17.82,0,0,115,0.0,95.83,24.53,91.09
2026-01-06,Cutting,Product A,Morning,Team A,103,102,11.43,1.67,16.43,2,4,96,1.96,99.03,13.1,91.78
2026-03-07,Packaging,Product A,Morning,Team B,83,66,10.38,12.63,3.01,1,0,65,1.52,79.52,23.01,98.5
2026-02-02,Assembly,Product C,Morning,Team C,95,74,27.26,18.69,29.77,0,0,74,0.0,77.89,45.95,85.12
2026-03-08,Inspection,Product A,Morning,Team A,111,113,14.8,10.85,7.3,0,0,113,0.0,101.8,25.65,96.35
2026-02-18,Cutting,Product B,Evening,Team D,103,108,11.21,0.0,19.96,0,1,107,0.0,104.85,11.21,90.02
2026-03-21,Assembly,Product B,Morning,Team A,118,81,26.06,17.34,21.39,3,1,77,3.7,68.64,43.4,89.3
2026-01-31,Assembly,Product A,Night,Team B,113,80,29.66,31.61,35.39,0,0,80,0.0,70.8,61.27,82.3
2026-03-25,Packaging,Product B,Morning,Team A,82,74,7.23,5.15,3.06,0,0,74,0.0,90.24,12.38,98.47
2026-03-18,Assembly,Product A,Morning,Team B,115,106,20.88,13.48,35.59,1,1,104,0.94,92.17,34.36,82.2
2026-01-30,Assembly,Product A,Evening,Team B,94,69,29.36,23.37,31.37,3,3,63,4.35,73.4,52.73,84.32
2026-02-13,Assembly,Product B,Night,Team A,113,78,28.98,21.86,22.82,3,0,75,3.85,69.03,50.84,88.59
2026-02-17,Assembly,Product A,Morning,Team C,100,83,20.61,23.63,19.12,1,1,81,1.2,83.0,44.24,90.44
2026-03-11,Assembly,Product B,Morning,Team D,98,70,21.2,16.01,34.37,0,0,70,0.0,71.43,37.21,82.82
2026-03-04,Assembly,Product C,Morning,Team D,82,57,22.83,20.37,29.5,6,3,48,10.53,69.51,43.2,85.25
2026-03-18,Cutting,Product C,Evening,Team B,84,82,10.38,9.72,8.58,0,0,82,0.0,97.62,20.1,95.71
2026-02-03,Packaging,Product A,Evening,Team D,104,106,7.87,0.41,7.27,0,0,106,0.0,101.92,8.28,96.36
2026-02-15,Packaging,Product A,Morning,Team D,103,91,12.08,0.03,11.55,0,2,89,0.0,88.35,12.11,94.22
2026-02-08,Cutting,Product A,Morning,Team D,102,98,8.7,4.21,9.79,1,1,96,1.02,96.08,12.91,95.1
2026-03-23,Assembly,Product A,Evening,Team B,86,74,22.93,22.4,17.07,1,0,73,1.35,86.05,45.33,91.46
2026-01-28,Cutting,Product C,Night,Team D,100,85,15.18,5.74,9.94,1,0,84,1.18,85.0,20.92,95.03
2026-02-22,Inspection,Product A,Evening,Team C,82,79,13.86,1.33,13.41,1,0,78,1.27,96.34,15.19,93.3
2026-01-11,Assembly,Product A,Evening,Team A,85,63,27.04,19.38,32.37,4,1,58,6.35,74.12,46.42,83.82
2026-03-18,Inspection,Product C,Morning,Team B,100,102,15.0,5.59,21.7,0,0,102,0.0,102.0,20.59,89.15
2026-02-04,Inspection,Product A,Morning,Team C,105,99,13.44,6.43,16.68,0,0,99,0.0,94.29,19.87,91.66
2026-01-31,Inspection,Product A,Morning,Team A,106,101,14.08,0.57,13.72,0,0,101,0.0,95.28,14.65,93.14
2026-02-22,Cutting,Product A,Evening,Team B,120,122,10.43,2.28,13.49,0,0,122,0.0,101.67,12.71,93.26
2026-02-14,Packaging,Product B,Night,Team D,115,102,12.66,8.28,6.74,1,1,100,0.98,88.7,20.94,96.63
2026-03-18,Cutting,Product B,Night,Team A,95,88,12.41,14.82,10.8,0,0,88,0.0,92.63,27.23,94.6
2026-02-17,Cutting,Product A,Night,Team B,112,103,14.32,7.37,6.99,0,0,103,0.0,91.96,21.69,96.5
2026-02-16,Assembly,Product C,Night,Team A,83,60,28.72,30.49,21.42,1,1,58,1.67,72.29,59.21,89.29
2026-01-10,Assembly,Product C,Night,Team C,115,94,25.86,17.41,35.15,2,1,91,2.13,81.74,43.27,82.42
2026-01-02,Packaging,Product C,Morning,Team A,95,96,9.1,1.27,8.11,0,0,96,0.0,101.05,10.37,95.94
2026-02-05,Packaging,Product A,Morning,Team D,111,105,7.22,10.15,11.13,0,0,105,0.0,94.59,17.37,94.44
2026-03-31,Assembly,Product A,Morning,Team A,119,100,22.88,16.19,25.33,0,0,100,0.0,84.03,39.07,87.34
2026-03-24,Packaging,Product C,Evening,Team D,108,113,8.94,1.79,8.46,2,2,109,1.77,104.63,10.73,95.77
2026-02-26,Assembly,Product A,Morning,Team D,117,89,24.48,16.67,32.8,2,1,86,2.25,76.07,41.15,83.6
2026-02-26,Assembly,Product B,Evening,Team D,80,58,30.87,26.5,26.91,1,0,57,1.72,72.5,57.37,86.54
2026-02-05,Assembly,Product B,Evening,Team D,86,69,20.88,27.28,32.08,1,0,68,1.45,80.23,48.16,83.96
2026-01-16,Packaging,Product A,Evening,Team A,105,103,9.93,0.73,2.64,0,0,103,0.0,98.1,10.66,98.68
2026-01-01,Cutting,Product B,Morning,Team D,102,89,13.35,4.83,11.22,0,0,89,0.0,87.25,18.18,94.39
2026-01-31,Cutting,Product C,Morning,Team C,84,89,11.22,5.36,13.01,0,0,89,0.0,105.95,16.58,93.5
2026-01-29,Assembly,Product B,Morning,Team D,109,74,29.82,14.49,24.52,5,2,67,6.76,67.89,44.31,87.74
2026-01-18,Packaging,Product A,Night,Team D,82,83,12.12,9.64,12.96,0,0,83,0.0,101.22,21.76,93.52
2026-01-24,Packaging,Product C,Evening,Team C,120,114,9.71,4.02,3.26,0,0,114,0.0,95.0,13.73,98.37
2026-01-03,Inspection,Product B,Evening,Team B,86,79,11.24,12.56,8.84,0,0,79,0.0,91.86,23.8,95.58
2026-02-24,Packaging,Product B,Morning,Team A,98,102,8.23,8.83,0.25,0,0,102,0.0,104.08,17.06,99.88
2026-03-25,Packaging,Product C,Morning,Team A,113,115,9.55,2.68,14.59,2,1,112,1.74,101.77,12.23,92.7
2026-03-04,Assembly,Product B,Morning,Team B,101,78,27.38,20.84,35.82,1,1,76,1.28,77.23,48.22,82.09
2026-02-10,Assembly,Product A,Evening,Team D,110,86,27.32,23.78,30.03,2,1,83,2.33,78.18,51.1,84.98
2026-02-07,Inspection,Product A,Evening,Team C,108,98,15.77,5.66,23.83,1,0,97,1.02,90.74,21.43,88.08
2026-01-28,Inspection,Product A,Morning,Team B,118,112,12.79,10.35,10.86,0,1,111,0.0,94.92,23.14,94.57
2026-01-13,Assembly,Product B,Night,Team A,99,74,24.03,25.55,46.11,1,0,73,1.35,74.75,49.58,76.94
2026-02-23,Cutting,Product B,Morning,Team C,120,116,16.95,1.12,7.63,0,0,116,0.0,96.67,18.07,96.18
2026-02-20,Inspection,Product B,Night,Team C,101,89,15.18,8.77,19.81,1,0,88,1.12,88.12,23.95,90.1
2026-01-01,Assembly,Product A,Morning,Team D,116,96,24.98,26.81,23.16,2,0,94,2.08,82.76,51.79,88.42
2026-02-07,Packaging,Product B,Morning,Team C,110,106,7.47,3.37,9.23,0,0,106,0.0,96.36,10.84,95.38
2026-01-26,Assembly,Product C,Evening,Team C,85,68,22.53,24.23,32.28,2,1,65,2.94,80.0,46.76,83.86
2026-01-16,Cutting,Product A,Morning,Team D,106,105,13.06,2.95,8.32,1,0,104,0.95,99.06,16.01,95.84
2026-03-05,Packaging,Product B,Morning,Team B,116,114,8.2,5.16,17.66,0,0,114,0.0,98.28,13.36,91.17
2026-02-17,Cutting,Product B,Morning,Team D,85,79,11.28,14.57,10.43,0,0,79,0.0,92.94,25.85,94.78
2026-02-27,Cutting,Product B,Morning,Team B,114,112,10.86,0.77,10.62,1,0,111,0.89,98.25,11.63,94.69
2026-03-06,Inspection,Product A,Evening,Team A,84,85,14.61,0.41,6.55,0,0,85,0.0,101.19,15.02,96.72
2026-03-30,Packaging,Product B,Night,Team B,115,107,8.73,15.68,13.2,1,1,105,0.93,93.04,24.41,93.4
2026-03-14,Cutting,Product C,Night,Team A,112,107,12.11,6.99,12.07,0,0,107,0.0,95.54,19.1,93.96
2026-02-25,Assembly,Product B,Morning,Team A,86,67,26.09,20.21,21.77,1,1,65,1.49,77.91,46.3,89.12
2026-03-21,Inspection,Product C,Evening,Team D,109,106,14.32,5.66,7.34,1,0,105,0.94,97.25,19.98,96.33
2026-02-12,Packaging,Product C,Morning,Team D,84,82,9.73,5.07,23.03,0,0,82,0.0,97.62,14.8,88.48
2026-03-30,Assembly,Product A,Morning,Team A,103,97,19.54,15.24,26.27,1,0,96,1.03,94.17,34.78,86.86
2026-03-10,Cutting,Product B,Morning,Team D,117,112,12.49,4.28,0.26,0,0,112,0.0,95.73,16.77,99.87
2026-02-28,Cutting,Product B,Night,Team A,88,81,13.35,10.78,8.15,0,0,81,0.0,92.05,24.13,95.92
2026-03-23,Cutting,Product C,Night,Team B,87,83,11.15,5.04,15.4,1,2,80,1.2,95.4,16.19,92.3
2026-02-16,Cutting,Product A,Evening,Team C,97,88,8.92,2.2,12.28,0,0,88,0.0,90.72,11.12,93.86
2026-03-06,Inspection,Product A,Evening,Team B,95,83,15.86,6.61,15.33,0,0,83,0.0,87.37,22.47,92.34
2026-01-26,Cutting,Product C,Evening,Team C,81,76,12.39,0.0,13.06,0,2,74,0.0,93.83,12.39,93.47
2026-03-28,Assembly,Product A,Evening,Team D,98,81,25.37,18.35,18.87,3,2,76,3.7,82.65,43.72,90.56
2026-02-26,Inspection,Product B,Evening,Team A,90,83,15.74,8.48,14.04,0,1,82,0.0,92.22,24.22,92.98
2026-03-12,Inspection,Product A,Morning,Team A,85,72,19.19,6.4,6.74,2,2,68,2.78,84.71,25.59,96.63
2026-02-11,Cutting,Product C,Morning,Team D,91,95,7.24,3.91,5.28,1,1,93,1.05,104.4,11.15,97.36
2026-03-20,Packaging,Product C,Morning,Team C,80,86,7.38,3.92,1.49,0,1,85,0.0,107.5,11.3,99.26
2026-01-07,Inspection,Product A,Night,Team C,117,116,12.95,10.4,12.63,1,1,114,0.86,99.15,23.35,93.68
2026-01-11,Inspection,Product B,Evening,Team B,120,110,11.13,10.76,18.39,1,1,108,0.91,91.67,21.89,90.8
2026-02-15,Cutting,Product A,Night,Team B,95,87,11.92,16.55,18.09,0,0,87,0.0,91.58,28.47,90.96
2026-03-07,Cutting,Product B,Morning,Team C,115,122,10.34,3.14,14.86,0,0,122,0.0,106.09,13.48,92.57
2026-03-14,Packaging,Product B,Evening,Team C,98,97,6.32,5.94,7.24,0,0,97,0.0,98.98,12.26,96.38
2026-02-09,Assembly,Product C,Morning,Team A,117,90,25.47,15.29,33.3,3,1,86,3.33,76.92,40.76,83.35
2026-02-28,Assembly,Product A,Morning,Team C,87,72,22.95,21.58,13.07,3,2,67,4.17,82.76,44.53,93.46
2026-02-19,Assembly,Product A,Morning,Team C,91,70,24.65,27.97,34.73,7,5,58,10.0,76.92,52.62,82.64
2026-03-28,Inspection,Product B,Morning,Team A,110,100,14.12,10.03,13.06,0,0,100,0.0,90.91,24.15,93.47
2026-02-28,Packaging,Product B,Night,Team B,89,87,11.52,1.73,13.01,1,0,86,1.15,97.75,13.25,93.5
2026-02-07,Assembly,Product B,Morning,Team D,113,95,23.5,18.93,25.52,2,2,91,2.11,84.07,42.43,87.24
2026-03-29,Packaging,Product A,Evening,Team C,97,85,13.67,8.93,1.08,0,0,85,0.0,87.63,22.6,99.46
2026-01-10,Cutting,Product A,Evening,Team A,96,94,11.52,4.11,0.01,0,0,94,0.0,97.92,15.63,100.0
2026-03-30,Assembly,Product C,Morning,Team A,98,74,20.22,25.89,18.76,2,1,71,2.7,75.51,46.11,90.62
2026-01-14,Inspection,Product A,Evening,Team C,112,104,10.79,5.24,15.39,1,0,103,0.96,92.86,16.03,92.3
2026-01-26,Cutting,Product A,Morning,Team B,80,76,7.17,0.0,13.14,0,0,76,0.0,95.0,7.17,93.43
2026-03-15,Cutting,Product C,Night,Team D,110,106,12.24,10.11,4.36,1,1,104,0.94,96.36,22.35,97.82
2026-03-08,Assembly,Product A,Evening,Team C,111,93,20.98,10.62,22.61,1,0,92,1.08,83.78,31.6,88.7
2026-03-29,Packaging,Product B,Evening,Team D,113,107,7.97,3.04,2.66,0,2,105,0.0,94.69,11.01,98.67
2026-03-09,Inspection,Product A,Evening,Team A,120,106,17.42,13.15,9.86,1,2,103,0.94,88.33,30.57,95.07
2026-02-27,Packaging,Product C,Morning,Team B,112,104,10.21,0.0,0.0,0,0,104,0.0,92.86,10.21,100.0
2026-02-01,Packaging,Product B,Night,Team A,101,97,14.26,4.52,1.42,1,2,94,1.03,96.04,18.78,99.29
2026-01-01,Assembly,Product C,Morning,Team C,99,89,21.59,12.27,23.62,1,1,87,1.12,89.9,33.86,88.19
2026-01-12,Inspection,Product A,Morning,Team A,95,91,10.8,7.75,12.52,1,0,90,1.1,95.79,18.55,93.74
2026-01-27,Cutting,Product B,Morning,Team B,113,110,11.08,3.54,1.92,0,0,110,0.0,97.35,14.62,99.04
2026-01-04,Cutting,Product B,Evening,Team B,96,91,11.38,10.6,8.31,3,2,86,3.3,94.79,21.98,95.84
2026-02-15,Packaging,Product A,Evening,Team A,103,91,4.92,7.82,13.35,0,0,91,0.0,88.35,12.74,93.32
2026-03-11,Inspection,Product A,Evening,Team A,83,81,12.6,9.98,4.19,0,0,81,0.0,97.59,22.58,97.9
2026-03-28,Cutting,Product A,Evening,Team C,93,106,11.03,5.58,7.76,0,0,106,0.0,113.98,16.61,96.12
2026-02-14,Assembly,Product C,Morning,Team D,90,75,21.81,17.36,34.06,0,0,75,0.0,83.33,39.17,82.97
2026-03-20,Inspection,Product B,Night,Team A,97,89,14.61,10.08,16.55,0,1,88,0.0,91.75,24.69,91.72
2026-03-30,Packaging,Product B,Morning,Team B,100,102,7.81,7.43,3.56,1,0,101,0.98,102.0,15.24,98.22
2026-03-19,Inspection,Product B,Evening,Team A,109,113,12.61,3.55,18.98,0,0,113,0.0,103.67,16.16,90.51
2026-02-11,Assembly,Product B,Morning,Team D,97,77,26.7,23.84,27.85,3,0,74,3.9,79.38,50.54,86.08
2026-01-30,Assembly,Product B,Night,Team B,86,47,31.83,29.78,33.3,3,1,43,6.38,54.65,61.61,83.35
2026-03-30,Assembly,Product A,Morning,Team D,102,83,25.18,17.99,31.19,2,2,79,2.41,81.37,43.17,84.4
2026-01-22,Inspection,Product B,Morning,Team A,82,91,12.35,7.3,9.94,1,1,89,1.1,110.98,19.65,95.03
2026-02-07,Packaging,Product A,Evening,Team A,114,115,8.0,5.6,9.88,0,0,115,0.0,100.88,13.6,95.06
2026-01-07,Assembly,Product C,Morning,Team C,111,85,23.01,7.81,26.74,3,1,81,3.53,76.58,30.82,86.63
2026-03-13,Assembly,Product C,Morning,Team C,89,70,23.66,18.53,32.42,5,4,61,7.14,78.65,42.19,83.79
2026-02-28,Cutting,Product A,Evening,Team D,90,82,10.04,4.55,5.71,0,0,82,0.0,91.11,14.59,97.14
2026-01-08,Inspection,Product B,Morning,Team D,81,82,14.74,7.8,12.25,0,0,82,0.0,101.23,22.54,93.88
2026-01-20,Packaging,Product A,Night,Team D,94,83,14.11,9.14,14.43,0,0,83,0.0,88.3,23.25,92.78
2026-02-19,Cutting,Product C,Morning,Team C,81,77,13.84,4.7,13.22,0,0,77,0.0,95.06,18.54,93.39
2026-02-18,Cutting,Product C,Evening,Team B,118,108,14.91,0.44,2.85,0,0,108,0.0,91.53,15.35,98.58
2026-03-14,Inspection,Product C,Evening,Team B,85,78,11.09,7.43,18.1,2,2,74,2.56,91.76,18.52,90.95
2026-01-24,Cutting,Product A,Evening,Team A,107,112,11.03,5.27,11.8,0,0,112,0.0,104.67,16.3,94.1
2026-03-25,Packaging,Product A,Evening,Team B,103,101,9.02,4.46,0.0,0,0,101,0.0,98.06,13.48,100.0
2026-02-10,Assembly,Product A,Evening,Team B,89,67,23.65,18.79,32.81,3,2,62,4.48,75.28,42.44,83.6
2026-03-16,Cutting,Product A,Night,Team A,113,101,11.54,14.93,27.94,0,0,101,0.0,89.38,26.47,86.03
2026-01-22,Packaging,Product A,Morning,Team A,84,73,5.73,0.0,13.01,1,2,70,1.37,86.9,5.73,93.5
2026-01-04,Cutting,Product A,Morning,Team C,116,107,11.2,5.7,17.56,0,0,107,0.0,92.24,16.9,91.22
2026-01-05,Assembly,Product C,Evening,Team B,110,86,24.56,26.2,22.56,1,0,85,1.16,78.18,50.76,88.72
2026-02-03,Cutting,Product A,Evening,Team D,106,108,11.19,0.0,0.0,2,1,105,1.85,101.89,11.19,100.0
2026-03-27,Cutting,Product A,Morning,Team B,116,111,9.25,5.72,0.0,1,1,109,0.9,95.69,14.97,100.0
2026-01-05,Cutting,Product C,Morning,Team D,96,102,8.58,2.66,10.53,1,1,100,0.98,106.25,11.24,94.74
2026-02-03,Cutting,Product B,Night,Team C,91,81,15.23,8.09,10.55,0,0,81,0.0,89.01,23.32,94.72
2026-01-10,Cutting,Product B,Evening,Team A,86,83,11.33,1.38,3.51,1,1,81,1.2,96.51,12.71,98.24
2026-03-25,Cutting,Product B,Night,Team A,117,104,14.17,6.7,15.71,1,0,103,0.96,88.89,20.87,92.14
2026-03-02,Inspection,Product C,Evening,Team C,96,89,17.81,15.37,15.69,1,1,87,1.12,92.71,33.18,92.16
2026-03-10,Inspection,Product B,Evening,Team C,114,120,13.61,2.94,3.28,0,0,120,0.0,105.26,16.55,98.36
2026-03-06,Assembly,Product B,Morning,Team B,93,66,25.07,15.0,23.9,1,0,65,1.52,70.97,40.07,88.05
2026-03-01,Assembly,Product B,Night,Team C,119,97,20.79,20.52,39.2,1,0,96,1.03,81.51,41.31,80.4
2026-03-11,Assembly,Product A,Morning,Team D,115,103,18.41,25.99,16.94,1,0,102,0.97,89.57,44.4,91.53
2026-01-01,Packaging,Product A,Evening,Team B,92,81,12.48,2.15,12.22,1,1,79,1.23,88.04,14.63,93.89
2026-03-19,Packaging,Product B,Morning,Team A,99,100,6.97,3.9,4.09,1,1,98,1.0,101.01,10.87,97.96
2026-03-08,Cutting,Product A,Evening,Team B,112,116,8.7,3.39,12.27,1,2,113,0.86,103.57,12.09,93.86
2026-03-08,Cutting,Product B,Evening,Team D,89,88,10.91,1.22,15.58,0,0,88,0.0,98.88,12.13,92.21
2026-02-05,Cutting,Product A,Evening,Team D,80,80,10.8,4.06,13.45,2,1,77,2.5,100.0,14.86,93.28
2026-03-14,Assembly,Product A,Night,Team D,91,79,24.04,37.36,41.57,0,0,79,0.0,86.81,61.4,79.22
2026-02-04,Assembly,Product A,Morning,Team D,104,90,25.39,22.26,19.33,2,1,87,2.22,86.54,47.65,90.34
2026-01-05,Assembly,Product C,Evening,Team A,85,64,27.43,13.42,30.11,3,1,60,4.69,75.29,40.85,84.94
2026-03-23,Cutting,Product A,Morning,Team B,93,88,9.23,7.59,3.88,0,1,87,0.0,94.62,16.82,98.06
2026-01-22,Assembly,Product B,Morning,Team A,117,96,21.31,12.32,28.72,0,0,96,0.0,82.05,33.63,85.64
2026-01-10,Assembly,Product C,Morning,Team A,83,73,24.99,11.77,25.08,0,0,73,0.0,87.95,36.76,87.46
2026-02-25,Cutting,Product A,Morning,Team D,82,71,12.08,9.08,11.91,1,0,70,1.41,86.59,21.16,94.04
2026-01-22,Packaging,Product B,Morning,Team D,97,94,7.63,8.64,9.02,1,0,93,1.06,96.91,16.27,95.49
2026-03-19,Cutting,Product A,Evening,Team A,80,79,7.52,9.18,3.94,0,1,78,0.0,98.75,16.7,98.03
2026-02-09,Packaging,Product A,Evening,Team C,81,77,7.36,2.12,0.0,0,0,77,0.0,95.06,9.48,100.0
2026-01-01,Cutting,Product B,Evening,Team C,87,87,10.88,4.33,14.23,0,0,87,0.0,100.0,15.21,92.88
2026-03-27,Packaging,Product C,Morning,Team A,84,94,11.56,7.0,8.12,0,0,94,0.0,111.9,18.56,95.94
2026-02-16,Packaging,Product A,Morning,Team D,113,110,6.72,5.57,13.9,1,0,109,0.91,97.35,12.29,93.05
2026-01-24,Packaging,Product B,Morning,Team D,85,81,8.81,2.43,6.73,1,0,80,1.23,95.29,11.24,96.64
2026-03-02,Packaging,Product A,Evening,Team C,101,104,10.49,0.0,0.0,1,0,103,0.96,102.97,10.49,100.0
2026-02-17,Inspection,Product B,Night,Team C,108,103,10.8,13.07,20.5,2,2,99,1.94,95.37,23.87,89.75
2026-01-03,Inspection,Product B,Morning,Team B,105,103,15.27,12.32,9.78,0,0,103,0.0,98.1,27.59,95.11
2026-03-10,Inspection,Product B,Evening,Team D,106,104,10.4,3.21,14.05,1,1,102,0.96,98.11,13.61,92.98
2026-02-06,Cutting,Product B,Morning,Team B,94,89,11.73,7.56,5.12,0,0,89,0.0,94.68,19.29,97.44
2026-03-04,Assembly,Product A,Morning,Team D,116,80,27.12,20.62,32.37,1,0,79,1.25,68.97,47.74,83.82
2026-03-22,Assembly,Product B,Morning,Team A,82,55,25.37,23.08,22.22,2,1,52,3.64,67.07,48.45,88.89
2026-02-24,Packaging,Product B,Morning,Team A,84,73,10.21,7.49,4.98,0,0,73,0.0,86.9,17.7,97.51
2026-03-02,Assembly,Product B,Evening,Team D,115,98,20.78,14.57,23.53,2,1,95,2.04,85.22,35.35,88.24
2026-01-23,Assembly,Product A,Night,Team B,82,56,28.34,14.59,23.34,2,3,51,3.57,68.29,42.93,88.33
2026-01-22,Inspection,Product A,Morning,Team B,87,87,13.3,5.87,13.98,2,2,83,2.3,100.0,19.17,93.01
2026-02-07,Assembly,Product A,Evening,Team D,87,70,23.47,22.98,37.59,1,1,68,1.43,80.46,46.45,81.2
2026-03-18,Cutting,Product A,Evening,Team A,81,78,12.05,2.83,6.06,0,0,78,0.0,96.3,14.88,96.97
2026-02-17,Assembly,Product A,Night,Team C,84,56,29.57,22.72,29.99,3,1,52,5.36,66.67,52.29,85.0
2026-02-01,Assembly,Product A,Evening,Team B,103,88,24.0,9.78,11.98,1,0,87,1.14,85.44,33.78,94.01
2026-03-12,Cutting,Product B,Morning,Team A,107,99,10.53,12.01,8.77,0,1,98,0.0,92.52,22.54,95.62
2026-03-18,Assembly,Product A,Evening,Team D,83,63,20.89,19.59,26.49,2,1,60,3.17,75.9,40.48,86.76
2026-03-23,Assembly,Product C,Morning,Team A,118,100,20.53,20.05,18.22,5,4,91,5.0,84.75,40.58,90.89
2026-01-27,Assembly,Product B,Night,Team A,83,62,28.62,24.86,35.0,3,2,57,4.84,74.7,53.48,82.5
2026-03-05,Assembly,Product B,Morning,Team C,108,90,19.91,19.06,20.82,1,0,89,1.11,83.33,38.97,89.59
2026-02-23,Inspection,Product B,Evening,Team D,112,108,14.39,7.02,10.94,0,0,108,0.0,96.43,21.41,94.53
2026-02-10,Assembly,Product B,Morning,Team A,101,82,23.38,16.77,24.8,1,0,81,1.22,81.19,40.15,87.6
2026-02-05,Packaging,Product B,Morning,Team C,100,100,9.28,2.29,0.0,0,0,100,0.0,100.0,11.57,100.0
2026-01-11,Packaging,Product C,Night,Team C,84,78,5.1,18.29,7.21,0,0,78,0.0,92.86,23.39,96.4
2026-01-25,Assembly,Product B,Evening,Team D,89,87,18.21,21.69,28.27,0,0,87,0.0,97.75,39.9,85.86
2026-02-19,Assembly,Product B,Morning,Team A,114,87,27.1,15.56,16.9,0,0,87,0.0,76.32,42.66,91.55
2026-03-21,Assembly,Product B,Night,Team D,94,80,26.34,23.68,21.23,1,1,78,1.25,85.11,50.02,89.38
2026-03-19,Packaging,Product B,Night,Team C,81,78,8.38,5.44,7.43,0,0,78,0.0,96.3,13.82,96.28
2026-01-17,Inspection,Product A,Morning,Team D,109,102,15.72,14.02,22.46,1,1,100,0.98,93.58,29.74,88.77
2026-03-03,Packaging,Product B,Evening,Team B,108,110,9.03,1.36,11.61,0,0,110,0.0,101.85,10.39,94.2
2026-01-08,Assembly,Product B,Evening,Team D,82,70,26.16,17.28,24.12,1,0,69,1.43,85.37,43.44,87.94
2026-03-02,Inspection,Product C,Evening,Team C,82,72,13.61,12.26,19.83,0,0,72,0.0,87.8,25.87,90.08
2026-01-31,Assembly,Product B,Morning,Team A,84,70,23.82,22.96,18.58,3,2,65,4.29,83.33,46.78,90.71
2026-02-10,Inspection,Product B,Morning,Team D,82,86,13.8,8.38,18.05,0,0,86,0.0,104.88,22.18,90.98
2026-03-06,Cutting,Product C,Night,Team D,105,96,14.68,11.27,7.63,0,0,96,0.0,91.43,25.95,96.18
2026-02-08,Inspection,Product B,Night,Team B,85,73,21.17,13.38,23.23,0,0,73,0.0,85.88,34.55,88.38
2026-03-14,Packaging,Product A,Evening,Team C,104,99,11.14,1.69,4.56,0,0,99,0.0,95.19,12.83,97.72
2026-02-18,Cutting,Product A,Night,Team B,87,84,10.44,6.07,10.12,0,0,84,0.0,96.55,16.51,94.94
2026-03-31,Inspection,Product A,Evening,Team C,119,117,13.98,13.92,10.7,1,2,114,0.85,98.32,27.9,94.65
2026-02-27,Cutting,Product A,Evening,Team D,109,97,13.51,4.57,10.66,2,3,92,2.06,88.99,18.08,94.67
2026-01-27,Inspection,Product A,Evening,Team D,95,84,15.65,4.86,9.03,0,0,84,0.0,88.42,20.51,95.48
2026-03-11,Cutting,Product B,Evening,Team A,97,103,10.06,2.93,12.32,0,0,103,0.0,106.19,12.99,93.84
2026-02-06,Packaging,Product B,Evening,Team D,82,82,11.56,8.4,3.5,0,0,82,0.0,100.0,19.96,98.25
2026-02-18,Cutting,Product A,Morning,Team B,82,89,13.04,7.7,12.72,0,3,86,0.0,108.54,20.74,93.64
2026-01-13,Packaging,Product B,Evening,Team C,102,93,14.66,6.24,9.65,0,0,93,0.0,91.18,20.9,95.18
2026-01-11,Packaging,Product A,Morning,Team D,80,79,7.35,2.97,6.63,0,0,79,0.0,98.75,10.32,96.68
2026-02-21,Inspection,Product C,Morning,Team B,106,97,11.88,10.29,9.35,1,1,95,1.03,91.51,22.17,95.32
2026-01-17,Inspection,Product A,Evening,Team B,95,91,12.33,5.43,12.91,1,0,90,1.1,95.79,17.76,93.54
2026-03-31,Inspection,Product B,Morning,Team B,85,73,11.92,6.96,15.3,0,0,73,0.0,85.88,18.88,92.35
2026-03-19,Packaging,Product A,Morning,Team D,101,102,7.04,7.88,19.37,0,0,102,0.0,100.99,14.92,90.32
2026-03-05,Assembly,Product B,Evening,Team B,102,87,20.87,21.35,29.31,0,0,87,0.0,85.29,42.22,85.34
2026-03-08,Inspection,Product A,Night,Team B,110,100,15.41,7.9,23.67,1,1,98,1.0,90.91,23.31,88.16
2026-02-23,Cutting,Product B,Morning,Team B,88,84,11.81,1.58,27.53,0,1,83,0.0,95.45,13.39,86.24
2026-01-06,Inspection,Product A,Morning,Team A,102,93,11.91,8.43,15.1,0,0,93,0.0,91.18,20.34,92.45
2026-02-05,Cutting,Product C,Morning,Team B,114,107,15.26,11.9,11.91,1,1,105,0.93,93.86,27.16,94.04
2026-02-14,Assembly,Product B,Evening,Team A,91,65,26.67,9.63,29.83,3,1,61,4.62,71.43,36.3,85.08
2026-03-24,Assembly,Product B,Evening,Team A,114,95,24.59,16.72,20.53,0,0,95,0.0,83.33,41.31,89.74
2026-01-20,Assembly,Product C,Morning,Team C,109,99,24.07,13.94,27.33,1,1,97,1.01,90.83,38.01,86.34
2026-02-14,Assembly,Product C,Evening,Team A,97,83,26.71,18.51,19.17,1,1,81,1.2,85.57,45.22,90.42
2026-01-31,Inspection,Product A,Morning,Team C,116,101,13.61,6.54,15.89,1,1,99,0.99,87.07,20.15,92.06
2026-01-13,Inspection,Product A,Morning,Team D,119,105,16.01,6.32,10.95,2,3,100,1.9,88.24,22.33,94.52
2026-01-10,Assembly,Product A,Night,Team C,89,69,29.21,15.94,28.57,2,0,67,2.9,77.53,45.15,85.72
2026-02-02,Inspection,Product A,Morning,Team B,120,110,14.09,8.03,18.52,2,2,106,1.82,91.67,22.12,90.74
2026-01-08,Packaging,Product B,Morning,Team A,80,71,9.81,1.86,12.18,0,0,71,0.0,88.75,11.67,93.91
2026-01-07,Cutting,Product C,Morning,Team D,85,85,10.37,0.0,8.03,0,0,85,0.0,100.0,10.37,95.98
2026-02-01,Cutting,Product C,Evening,Team D,81,78,11.89,8.12,4.98,0,0,78,0.0,96.3,20.01,97.51
2026-01-19,Cutting,Product B,Night,Team C,95,92,18.96,13.45,19.57,1,0,91,1.09,96.84,32.41,90.22
2026-02-19,Inspection,Product B,Night,Team A,118,108,13.61,14.61,19.45,0,1,107,0.0,91.53,28.22,90.28
2026-01-02,Assembly,Product C,Morning,Team A,104,93,24.12,9.85,15.17,0,0,93,0.0,89.42,33.97,92.42
2026-01-28,Inspection,Product C,Morning,Team B,105,89,15.77,9.2,10.12,1,1,87,1.12,84.76,24.97,94.94
2026-02-10,Inspection,Product A,Evening,Team A,83,71,15.51,10.7,12.99,0,0,71,0.0,85.54,26.21,93.5
2026-03-28,Assembly,Product B,Morning,Team D,101,85,25.5,11.9,29.6,1,0,84,1.18,84.16,37.4,85.2
2026-02-27,Packaging,Product C,Night,Team A,95,99,5.31,8.66,20.23,0,1,98,0.0,104.21,13.97,89.88
2026-03-21,Inspection,Product A,Evening,Team B,99,88,14.14,7.53,13.7,0,0,88,0.0,88.89,21.67,93.15
2026-01-31,Assembly,Product A,Morning,Team D,90,76,16.86,26.58,32.58,2,0,74,2.63,84.44,43.44,83.71
2026-02-10,Assembly,Product C,Evening,Team D,88,60,26.22,29.15,29.69,0,0,60,0.0,68.18,55.37,85.16
2026-02-07,Assembly,Product C,Morning,Team A,119,94,25.67,11.41,25.0,2,0,92,2.13,78.99,37.08,87.5
2026-03-21,Cutting,Product C,Morning,Team B,102,99,13.2,14.98,7.43,0,1,98,0.0,97.06,28.18,96.28
2026-03-28,Cutting,Product B,Evening,Team C,96,92,9.02,1.34,9.11,0,0,92,0.0,95.83,10.36,95.44
2026-03-28,Packaging,Product A,Evening,Team C,83,80,5.58,7.92,6.79,0,0,80,0.0,96.39,13.5,96.6
2026-03-09,Assembly,Product A,Evening,Team D,111,82,25.33,21.29,11.83,0,0,82,0.0,73.87,46.62,94.08
2026-02-15,Assembly,Product B,Evening,Team D,99,75,25.95,16.38,22.91,1,0,74,1.33,75.76,42.33,88.54
2026-02-18,Inspection,Product B,Night,Team D,95,95,15.78,15.93,14.97,0,0,95,0.0,100.0,31.71,92.52
2026-03-30,Assembly,Product B,Night,Team A,107,84,25.37,25.12,31.45,0,0,84,0.0,78.5,50.49,84.28
2026-01-26,Packaging,Product B,Evening,Team A,85,74,15.09,6.22,5.52,0,0,74,0.0,87.06,21.31,97.24
2026-02-01,Inspection,Product A,Morning,Team C,101,90,14.84,8.92,14.93,2,2,86,2.22,89.11,23.76,92.54
2026-03-22,Assembly,Product B,Evening,Team A,115,82,24.36,21.51,18.03,2,2,78,2.44,71.3,45.87,90.98
2026-02-04,Assembly,Product A,Night,Team B,99,71,27.05,19.92,21.17,1,0,70,1.41,71.72,46.97,89.42
2026-01-22,Packaging,Product A,Morning,Team A,80,84,12.25,3.33,4.91,0,0,84,0.0,105.0,15.58,97.54
2026-02-20,Inspection,Product A,Evening,Team D,89,82,12.58,12.38,16.58,1,0,81,1.22,92.13,24.96,91.71
2026-01-30,Packaging,Product A,Morning,Team A,82,90,4.48,6.32,17.13,1,0,89,1.11,109.76,10.8,91.44
2026-03-22,Cutting,Product C,Morning,Team A,100,97,10.59,7.93,13.69,0,0,97,0.0,97.0,18.52,93.16
2026-03-23,Packaging,Product A,Evening,Team A,94,92,10.79,1.34,0.0,0,0,92,0.0,97.87,12.13,100.0
2026-01-28,Inspection,Product A,Morning,Team A,85,87,10.87,3.82,10.61,0,0,87,0.0,102.35,14.69,94.7
2026-02-17,Cutting,Product B,Evening,Team C,108,92,10.61,2.73,10.54,0,1,91,0.0,85.19,13.34,94.73
2026-03-30,Inspection,Product B,Evening,Team B,87,86,11.48,5.52,13.07,0,0,86,0.0,98.85,17.0,93.46
2026-03-08,Inspection,Product A,Evening,Team D,94,83,16.3,11.14,15.24,2,2,79,2.41,88.3,27.44,92.38
2026-01-20,Cutting,Product A,Morning,Team B,120,120,12.65,8.9,3.5,1,3,116,0.83,100.0,21.55,98.25
2026-02-23,Assembly,Product A,Morning,Team C,82,71,23.59,16.88,24.29,2,0,69,2.82,86.59,40.47,87.86
2026-02-25,Packaging,Product B,Evening,Team C,90,82,10.37,9.72,9.52,0,0,82,0.0,91.11,20.09,95.24
2026-02-28,Assembly,Product A,Evening,Team C,93,83,20.94,25.9,29.54,0,0,83,0.0,89.25,46.84,85.23
2026-01-03,Assembly,Product A,Evening,Team D,100,77,24.46,20.84,24.05,2,1,74,2.6,77.0,45.3,87.98
2026-01-27,Assembly,Product A,Night,Team A,90,69,22.67,20.04,25.52,1,1,67,1.45,76.67,42.71,87.24
2026-03-18,Assembly,Product B,Morning,Team C,119,100,20.14,27.11,13.49,0,0,100,0.0,84.03,47.25,93.26
2026-01-22,Packaging,Product A,Night,Team D,80,75,11.48,9.02,8.84,1,0,74,1.33,93.75,20.5,95.58
2026-01-27,Inspection,Product C,Morning,Team D,118,116,13.71,8.5,8.85,2,2,112,1.72,98.31,22.21,95.58
2026-01-30,Cutting,Product A,Morning,Team C,101,97,13.66,3.64,2.88,1,0,96,1.03,96.04,17.3,98.56
2026-01-16,Packaging,Product B,Evening,Team C,81,79,12.46,0.44,7.99,1,3,75,1.27,97.53,12.9,96.0
2026-01-14,Packaging,Product A,Morning,Team D,84,86,12.45,0.0,6.66,0,0,86,0.0,102.38,12.45,96.67
2026-02-01,Assembly,Product A,Morning,Team C,84,75,21.11,19.47,10.89,1,0,74,1.33,89.29,40.58,94.56
2026-03-20,Packaging,Product A,Morning,Team D,91,93,8.23,0.87,8.29,0,1,92,0.0,102.2,9.1,95.86
2026-01-01,Cutting,Product C,Morning,Team A,93,93,12.06,17.24,3.43,1,0,92,1.08,100.0,29.3,98.28
2026-01-26,Packaging,Product C,Evening,Team B,106,104,14.57,0.0,9.91,0,0,104,0.0,98.11,14.57,95.04
2026-01-06,Inspection,Product A,Morning,Team A,92,85,16.26,2.97,4.31,1,1,83,1.18,92.39,19.23,97.84
2026-02-20,Inspection,Product A,Evening,Team A,109,107,15.46,10.04,12.18,0,0,107,0.0,98.17,25.5,93.91
2026-01-23,Cutting,Product C,Evening,Team B,92,89,10.15,11.12,7.3,0,0,89,0.0,96.74,21.27,96.35
2026-03-13,Packaging,Product B,Morning,Team A,90,88,7.06,4.26,8.82,0,0,88,0.0,97.78,11.32,95.59
2026-02-22,Cutting,Product A,Morning,Team B,91,94,12.74,7.29,9.75,2,1,91,2.13,103.3,20.03,95.12
2026-03-12,Assembly,Product A,Night,Team B,93,85,21.88,14.75,27.44,2,0,83,2.35,91.4,36.63,86.28
2026-02-27,Cutting,Product B,Evening,Team C,114,112,10.48,2.29,0.0,0,0,112,0.0,98.25,12.77,100.0
2026-02-09,Inspection,Product B,Evening,Team D,90,84,12.75,3.71,3.14,0,0,84,0.0,93.33,16.46,98.43
2026-03-19,Cutting,Product B,Evening,Team D,91,94,14.5,0.0,5.5,0,0,94,0.0,103.3,14.5,97.25
2026-02-12,Packaging,Product C,Morning,Team B,119,121,8.22,4.47,6.95,2,1,118,1.65,101.68,12.69,96.52
2026-03-27,Inspection,Product B,Morning,Team B,106,105,7.63,0.0,8.35,0,0,105,0.0,99.06,7.63,95.82
2026-03-31,Cutting,Product A,Evening,Team D,87,83,12.11,0.0,12.75,1,1,81,1.2,95.4,12.11,93.62
2026-02-23,Cutting,Product B,Morning,Team A,115,114,9.46,2.85,7.32,0,0,114,0.0,99.13,12.31,96.34
2026-03-02,Cutting,Product A,Evening,Team C,87,85,11.09,1.67,3.21,0,0,85,0.0,97.7,12.76,98.4
2026-01-24,Inspection,Product A,Evening,Team B,86,78,12.81,9.59,10.33,0,1,77,0.0,90.7,22.4,94.84
2026-03-15,Packaging,Product A,Evening,Team A,98,97,8.4,5.22,8.36,0,0,97,0.0,98.98,13.62,95.82
2026-03-02,Cutting,Product A,Evening,Team C,108,103,12.74,8.58,10.95,1,1,101,0.97,95.37,21.32,94.52
2026-03-23,Packaging,Product B,Morning,Team B,87,83,5.63,7.01,18.27,0,0,83,0.0,95.4,12.64,90.86
2026-01-25,Cutting,Product A,Morning,Team A,110,112,9.86,9.56,4.99,0,0,112,0.0,101.82,19.42,97.5
2026-03-12,Packaging,Product A,Morning,Team C,86,90,10.5,3.99,6.56,1,1,88,1.11,104.65,14.49,96.72
2026-02-12,Packaging,Product B,Evening,Team A,112,115,7.65,5.21,9.56,2,3,110,1.74,102.68,12.86,95.22
2026-01-17,Inspection,Product B,Morning,Team C,83,80,9.46,10.05,11.86,0,1,79,0.0,96.39,19.51,94.07
2026-01-16,Inspection,Product B,Morning,Team A,99,95,14.47,8.57,9.0,1,0,94,1.05,95.96,23.04,95.5
2026-02-20,Packaging,Product C,Morning,Team B,106,103,11.47,2.41,0.0,1,0,102,0.97,97.17,13.88,100.0
2026-01-29,Cutting,Product B,Morning,Team D,90,82,10.9,3.67,5.93,0,0,82,0.0,91.11,14.57,97.04
2026-01-10,Cutting,Product A,Evening,Team A,105,106,6.69,1.73,2.56,1,0,105,0.94,100.95,8.42,98.72
2026-02-08,Cutting,Product B,Morning,Team D,108,104,12.55,6.69,0.0,0,0,104,0.0,96.3,19.24,100.0
2026-02-28,Assembly,Product B,Night,Team C,106,97,24.65,17.4,25.93,2,1,94,2.06,91.51,42.05,87.04
2026-01-29,Inspection,Product A,Morning,Team D,96,98,13.68,5.35,5.72,0,0,98,0.0,102.08,19.03,97.14
2026-03-27,Inspection,Product A,Evening,Team A,111,112,11.05,5.35,15.5,0,1,111,0.0,100.9,16.4,92.25
2026-03-12,Packaging,Product A,Morning,Team C,109,108,6.45,0.0,10.61,0,0,108,0.0,99.08,6.45,94.7
2026-02-16,Cutting,Product B,Morning,Team D,93,92,10.03,8.92,3.58,0,0,92,0.0,98.92,18.95,98.21
2026-03-26,Inspection,Product A,Night,Team D,110,95,13.85,14.68,17.65,2,3,90,2.11,86.36,28.53,91.18
2026-02-08,Cutting,Product A,Night,Team A,117,100,12.41,6.11,1.61,3,3,94,3.0,85.47,18.52,99.2
2026-01-13,Assembly,Product C,Night,Team D,113,85,24.05,28.68,25.2,0,0,85,0.0,75.22,52.73,87.4
2026-01-04,Inspection,Product C,Morning,Team A,110,106,12.02,5.76,14.39,0,0,106,0.0,96.36,17.78,92.8
2026-03-26,Packaging,Product A,Morning,Team C,111,98,11.16,0.0,11.95,0,0,98,0.0,88.29,11.16,94.02
2026-03-28,Inspection,Product C,Evening,Team B,112,102,13.62,12.08,7.72,0,0,102,0.0,91.07,25.7,96.14
2026-03-08,Cutting,Product A,Morning,Team C,91,88,9.47,2.85,15.31,0,0,88,0.0,96.7,12.32,92.34
2026-01-10,Inspection,Product C,Evening,Team C,109,104,11.09,6.36,2.91,1,0,103,0.96,95.41,17.45,98.54
2026-01-27,Cutting,Product C,Evening,Team A,88,83,7.38,5.16,1.51,1,1,81,1.2,94.32,12.54,99.24
2026-01-04,Packaging,Product A,Evening,Team C,94,90,9.64,8.57,11.26,0,0,90,0.0,95.74,18.21,94.37
2026-01-05,Inspection,Product B,Evening,Team D,118,122,12.22,8.08,22.03,0,0,122,0.0,103.39,20.3,88.98
2026-01-23,Cutting,Product C,Evening,Team B,91,92,5.78,0.2,11.96,0,0,92,0.0,101.1,5.98,94.02
2026-02-21,Cutting,Product C,Morning,Team B,114,109,9.82,7.18,8.76,0,0,109,0.0,95.61,17.0,95.62
2026-01-06,Cutting,Product C,Morning,Team D,97,95,9.02,3.06,0.0,0,0,95,0.0,97.94,12.08,100.0
2026-03-30,Packaging,Product B,Evening,Team A,88,83,12.47,11.55,0.0,0,0,83,0.0,94.32,24.02,100.0
2026-02-10,Assembly,Product A,Evening,Team B,83,63,22.45,19.07,26.83,2,1,60,3.17,75.9,41.52,86.58
2026-01-24,Inspection,Product C,Morning,Team C,102,96,9.83,0.0,9.85,0,0,96,0.0,94.12,9.83,95.08
2026-02-16,Inspection,Product B,Morning,Team B,98,95,15.44,9.43,5.36,0,0,95,0.0,96.94,24.87,97.32
2026-03-13,Assembly,Product B,Evening,Team D,100,78,24.12,24.87,23.29,0,0,78,0.0,78.0,48.99,88.36
2026-01-29,Cutting,Product A,Evening,Team B,81,74,9.36,11.3,9.69,0,0,74,0.0,91.36,20.66,95.16
2026-01-05,Packaging,Product B,Evening,Team D,90,88,7.61,11.32,12.67,0,0,88,0.0,97.78,18.93,93.66
2026-01-05,Assembly,Product A,Morning,Team A,80,64,25.54,11.41,27.83,2,1,61,3.12,80.0,36.95,86.08
2026-03-18,Assembly,Product B,Morning,Team C,92,65,21.25,23.71,36.37,1,0,64,1.54,70.65,44.96,81.82
2026-01-11,Inspection,Product A,Evening,Team C,118,115,8.91,5.11,12.05,0,0,115,0.0,97.46,14.02,93.98
2026-02-27,Inspection,Product B,Morning,Team A,86,86,12.38,8.9,11.31,0,0,86,0.0,100.0,21.28,94.34
2026-02-04,Packaging,Product C,Evening,Team A,108,108,12.41,0.0,13.39,0,0,108,0.0,100.0,12.41,93.3
2026-03-11,Cutting,Product B,Evening,Team C,80,90,10.04,2.42,3.13,0,0,90,0.0,112.5,12.46,98.44
2026-01-06,Assembly,Product B,Morning,Team C,103,88,24.66,17.54,41.79,2,2,84,2.27,85.44,42.2,79.1
2026-03-22,Assembly,Product A,Morning,Team C,117,97,27.14,23.26,25.6,0,0,97,0.0,82.91,50.4,87.2
2026-03-04,Assembly,Product C,Morning,Team A,93,83,29.72,19.63,27.49,1,1,81,1.2,89.25,49.35,86.26
2026-02-10,Cutting,Product B,Night,Team C,88,88,12.21,9.1,14.21,0,1,87,0.0,100.0,21.31,92.9
2026-01-19,Cutting,Product A,Evening,Team D,103,102,10.96,0.0,20.26,1,2,99,0.98,99.03,10.96,89.87
2026-03-29,Assembly,Product A,Morning,Team A,91,75,25.74,20.15,33.04,2,2,71,2.67,82.42,45.89,83.48
2026-01-28,Assembly,Product A,Night,Team B,116,88,23.42,21.17,23.58,3,1,84,3.41,75.86,44.59,88.21
2026-02-14,Assembly,Product B,Evening,Team B,114,85,28.54,23.08,31.23,2,1,82,2.35,74.56,51.62,84.38
2026-02-05,Inspection,Product C,Evening,Team D,106,98,10.76,12.71,9.95,1,1,96,1.02,92.45,23.47,95.02
2026-01-21,Inspection,Product B,Night,Team B,106,98,14.38,15.89,16.46,1,0,97,1.02,92.45,30.27,91.77
2026-02-07,Assembly,Product A,Morning,Team B,104,78,26.31,16.54,18.62,1,0,77,1.28,75.0,42.85,90.69
2026-01-14,Assembly,Product C,Morning,Team C,110,89,21.55,10.37,28.9,2,0,87,2.25,80.91,31.92,85.55
2026-01-01,Cutting,Product A,Evening,Team A,98,98,8.84,0.0,5.09,1,0,97,1.02,100.0,8.84,97.46
2026-01-27,Inspection,Product C,Morning,Team D,119,110,13.61,13.69,12.6,0,1,109,0.0,92.44,27.3,93.7
2026-01-11,Assembly,Product A,Evening,Team D,94,63,25.26,19.89,22.91,3,0,60,4.76,67.02,45.15,88.54
2026-02-07,Cutting,Product B,Morning,Team C,80,71,10.71,2.0,20.55,1,1,69,1.41,88.75,12.71,89.72
2026-03-19,Assembly,Product C,Morning,Team C,108,77,25.67,25.74,34.77,1,1,75,1.3,71.3,51.41,82.62
2026-01-15,Assembly,Product A,Morning,Team C,107,79,25.51,22.98,30.13,1,0,78,1.27,73.83,48.49,84.94
2026-01-01,Cutting,Product B,Morning,Team D,120,120,8.86,5.1,9.38,0,1,119,0.0,100.0,13.96,95.31
2026-01-10,Assembly,Product C,Morning,Team D,96,77,24.17,16.37,21.17,3,1,73,3.9,80.21,40.54,89.42
2026-02-15,Assembly,Product A,Morning,Team B,97,82,23.84,20.21,30.18,2,1,79,2.44,84.54,44.05,84.91
2026-01-25,Inspection,Product A,Night,Team B,103,93,19.97,12.26,15.4,0,0,93,0.0,90.29,32.23,92.3
2026-02-14,Inspection,Product B,Morning,Team C,96,96,12.17,14.4,9.47,0,0,96,0.0,100.0,26.57,95.26
2026-01-03,Inspection,Product A,Morning,Team A,112,110,11.99,9.69,17.87,0,0,110,0.0,98.21,21.68,91.06
2026-01-30,Assembly,Product A,Morning,Team D,97,75,23.71,22.42,19.93,4,3,68,5.33,77.32,46.13,90.04
2026-02-06,Inspection,Product B,Morning,Team D,112,109,14.8,12.68,11.77,0,0,109,0.0,97.32,27.48,94.12
2026-02-08,Assembly,Product B,Morning,Team C,97,86,22.58,10.86,17.07,1,0,85,1.16,88.66,33.44,91.46
2026-02-19,Assembly,Product A,Evening,Team B,89,75,21.13,19.01,29.77,2,4,69,2.67,84.27,40.14,85.12
2026-03-12,Inspection,Product A,Morning,Team B,120,116,14.19,6.82,23.65,3,2,111,2.59,96.67,21.01,88.18
2026-02-12,Assembly,Product C,Night,Team B,101,72,23.03,16.07,31.34,0,1,71,0.0,71.29,39.1,84.33
2026-03-17,Assembly,Product B,Night,Team C,108,83,23.64,16.99,41.12,4,1,78,4.82,76.85,40.63,79.44
